{
  "users": {
    "554891089432@s.whatsapp.net": {
      "afkTime": -1,
      "afkReason": "",
      "consultas": -1,
      "limit": "Infinito"
    },
    "554884555584@s.whatsapp.net": {
      "afkTime": -1,
      "afkReason": "",
      "consultas": -1,
      "limit": 100
    },
    "554888245114@s.whatsapp.net": {
      "afkTime": -1,
      "consultas": -1,
      "afkReason": "",
      "limit": 100
    },
    "554891129768@s.whatsapp.net": {
      "afkTime": -1,
      "consultas": -1,
      "afkReason": "",
      "limit": "Infinito"
    },
    "559992155537@s.whatsapp.net": {
      "afkTime": -1,
      "consultas": -1,
      "afkReason": "",
      "limit": 100
    }
  },
  "chats": {
    "554884555584-1603065897@g.us": {
      "mute": false,
      "antilink": false,
      "boasvindas": false,
      "consultas": -1
    },
    "554891089432@s.whatsapp.net": {
      "mute": false,
      "antilink": false,
      "boasvindas": false
    },
    "559992155537@s.whatsapp.net": {
      "mute": false,
      "antilink": false,
      "boasvindas": false
    },
    "120363042407070358@g.us": {
      "mute": false,
      "antilink": false,
      "boasvindas": false
    }
  },
  "database": {},
  "game": {},
  "settings": {
    "17784000466@s.whatsapp.net": {
      "status": 0,
      "autobio": true,
      "templateImage": true,
      "templateVideo": false,
      "templateGif": false,
      "templateMsg": false
    }
  },
  "others": {
    "vote": []
  },
  "sticker": {}
}